Date,Open,High,Low,Close,Volume
2019-05-20,44.6448,44.8452,43.8572,44.5381,158727183.608
2019-05-21,45.0556,45.7365,44.932,45.3905,116602054.68047
2019-05-22,44.923,45.1772,44.4095,44.4603,122290195.96847
2019-05-23,43.7395,43.922,43.254,43.7047,150166227.26604
2019-05-24,43.8373,44.3089,43.4494,43.5352,97486196.53094
2019-05-28,43.5222,43.935,43.277,43.3568,114889136.8025
2019-05-29,42.9171,43.6299,42.8154,43.1494,117080207.71445
2019-05-30,43.287,43.6,42.9769,43.3737,87224528.42905
2019-05-31,42.8703,43.297,42.5712,42.5891,111170602.9697
2019-06-03,42.7197,43.28,41.4197,42.1544,166059934.05134
2019-06-04,42.6808,43.7475,42.4545,43.6997,127302917.34604
2019-06-05,44.8282,45.0008,44.0636,44.4075,122392429.85543
2019-06-06,44.5361,45.1184,44.3108,45.0556,92601030.039943
2019-06-07,45.3676,46.6876,45.1911,46.2539,126137228.55808
2019-06-10,46.6617,47.5261,46.6148,46.8471,107788522.2702
2019-06-11,47.3985,47.6826,47.0954,47.3865,110715539.1486
2019-06-12,47.1821,47.6746,47.0435,47.2369,75035107.148249
2019-06-13,47.3595,47.872,47.0954,47.23,89099924.392892
2019-06-14,46.5979,47.0914,46.2918,46.887,77124560.046068
2019-06-17,46.9249,47.4243,46.7475,47.1672,60301840.189116
2019-06-18,47.6945,48.7194,47.4861,48.2757,109145719.42332
2019-06-19,48.5728,48.6226,47.9996,48.1322,86837381.137938
2019-06-20,48.7384,48.7982,48.1711,48.525,88439578.32108
2019-06-21,48.3635,48.857,48.2009,48.3575,196498386.51416
2019-06-24,48.2977,48.6895,48.2059,48.3077,74900402.519754
2019-06-25,48.2707,48.4762,47.5061,47.5749,86615808.348706
2019-06-26,48.1073,48.8919,48.0096,48.6028,107158181.4425
2019-06-27,48.7194,49.0355,48.548,48.5878,85914442.538391
2019-06-28,48.3336,48.533,47.9338,48.1451,127889449.95564
2019-07-01,49.4212,49.7463,48.8081,49.0305,112293498.62637
2019-07-02,48.9955,49.4113,48.9835,49.3176,69617194.60927
2019-07-03,49.4492,49.7343,49.3086,49.7263,46707031.210718
2019-07-05,49.4671,49.8898,49.3564,49.6815,70974996.601662
2019-07-08,48.847,48.9935,48.2657,48.6546,104161886.89497
2019-07-09,48.4622,49.0205,48.3655,48.9547,84591986.029443
2019-07-10,49.1052,49.5598,49.0335,49.4372,73571454.26982
2019-07-11,49.4572,49.7213,49.0703,49.0803,83004505.59904
2019-07-12,49.2488,49.6247,49.187,49.4542,72330294.980718
2019-07-15,49.6465,50.0802,49.6247,49.9217,69667359.156575
2019-07-16,49.7712,50.139,49.504,49.7483,69336010.545818
2019-07-17,49.6366,49.8948,49.4472,49.4671,57992829.629946
2019-07-18,49.6247,50.0822,49.5529,50.0294,76387442.516974
2019-07-19,50.0613,50.2308,49.2258,49.2836,86036075.416497
2019-07-22,49.5409,50.4123,49.5309,50.4093,91579994.132514
2019-07-23,50.7093,50.82,50.4271,50.802,75454494.479342
2019-07-24,50.5159,50.8798,50.3983,50.7602,61627245.665694
2019-07-25,50.815,50.9018,50.2886,50.3604,57179346.878906
2019-07-26,50.4721,51.0214,50.3903,50.5339,72427562.766075
2019-07-29,50.7093,51.2407,50.7034,51.0094,89094837.925256
2019-07-30,50.7821,51.1261,50.4321,50.7881,139502756.30636
2019-07-31,52.6474,53.8528,51.3972,51.8239,284801424.62485
2019-08-01,52.0333,53.0382,50.2906,50.7014,222056560.34967
2019-08-02,49.9985,50.2138,49.0504,49.6286,167975776.00897
2019-08-05,48.1611,48.3256,46.8471,47.0336,215376716.35471
2019-08-06,47.7544,48.1811,47.202,47.9218,147268328.93536
2019-08-07,47.536,48.545,47.1512,48.4223,137154188.4559
2019-08-08,48.6994,49.511,48.509,49.487,111030594.21168
2019-08-09,49.1551,49.511,48.6626,49.0803,100823634.47457
2019-08-12,48.7403,49.3396,48.6306,48.9547,92068609.98328
2019-08-13,49.0873,51.801,49.0404,51.0293,194686574.90644
2019-08-14,49.6077,50.4093,49.4691,49.509,149670350.33477
2019-08-15,49.6815,50.0922,48.7533,49.2638,114188912.46334
2019-08-16,49.8848,50.5847,49.7761,50.4252,117998548.33183
2019-08-19,51.4271,51.9465,51.2865,51.3623,100054422.34777
2019-08-20,51.491,52.0981,51.3543,51.3643,110241786.4959
2019-08-21,52.0093,52.1719,51.6694,51.9247,88312700.493406
2019-08-22,52.0582,52.3602,51.459,51.8797,91191942.090107
2019-08-23,51.143,51.7811,49.0833,49.4811,191996235.75044
2019-08-26,50.2667,50.5927,50.0702,50.4222,106746913.80289
2019-08-27,50.7552,50.9276,49.6985,49.8559,106055698.86074
2019-08-28,49.841,50.2308,49.6465,50.184,65350248.087196
2019-08-29,50.9147,51.1161,50.4651,51.0393,86031262.78157
2019-08-30,51.3165,51.3843,50.5947,50.9745,86665648.910791
2019-09-03,50.4073,50.5409,49.8709,50.2268,82148661.028311
2019-09-04,50.8878,51.1559,50.6246,51.0832,78697388.921994
2019-09-05,51.7691,52.2486,51.6484,52.0811,98068515.326601
2019-09-06,52.2686,52.3583,51.8927,52.0751,79293137.556971
2019-09-09,52.461,52.8498,51.5388,52.2954,111838405.71681
2019-09-10,52.2237,52.9336,51.6973,52.9136,130138081.90718
2019-09-11,53.2516,54.6274,53.1698,54.5984,181376491.76179
2019-09-12,54.8945,55.2904,54.417,54.4738,131975772.21042
2019-09-13,53.7212,53.9186,52.9924,53.4151,162840019.48909
2019-09-16,53.1698,53.753,53.128,53.6962,86647550.87578
2019-09-17,53.7112,53.9255,53.5038,53.8956,75296901.248014
2019-09-18,53.9833,54.414,53.5815,54.3941,105014479.5769
2019-09-19,54.2117,54.6384,53.8128,53.9594,90864561.545998
2019-09-20,54.0581,54.3423,53.105,53.1698,237429801.43077
2019-09-23,53.4629,53.6813,53.1498,53.4071,79528016.810342
2019-09-24,53.9764,54.3243,53.0352,53.1578,128731101.36585
2019-09-25,53.3662,54.088,53.0222,53.9764,92064992.984208
2019-09-26,53.7212,53.9544,53.4331,53.6932,78171119.569243
2019-09-27,53.8558,53.9594,53.0582,53.4331,103860410.12264
2019-09-30,53.9444,54.8397,53.9186,54.6892,107780773.7073
2019-10-01,54.9623,55.7301,54.746,54.8427,148194921.64683
2019-10-02,54.4668,54.5954,53.2177,53.4649,146475308.40869
2019-10-03,53.3373,53.9594,52.5338,53.9255,124301369.82454
2019-10-04,55.0979,55.5476,54.6692,55.429,142332143.29827
2019-10-07,55.2534,56.1458,55.1478,55.4419,126498805.09009
2019-10-08,55.1428,55.6901,54.7779,54.7959,119919523.90044
2019-10-09,55.4349,55.6233,55.0979,55.4349,77929960.218482
2019-10-10,55.6573,56.2714,55.5017,56.1856,118610213.3676
2019-10-11,56.8805,58.03,56.727,57.678,171959759.05652
2019-10-14,57.361,58.1476,57.3052,57.5944,99978948.837468
2019-10-15,57.7239,58.032,57.3561,57.4617,94356182.350226
2019-10-16,56.9842,57.4418,56.9413,57.2325,78983535.074855
2019-10-17,57.4089,57.6641,57.0201,57.4518,70736561.535282
2019-10-18,57.2853,58.0151,57.2125,57.7279,99830218.55783
2019-10-21,58.0011,58.8455,57.9523,58.7259,91600088.237452
2019-10-22,58.8884,59.1456,58.5115,58.5963,92896301.943652
2019-10-23,59.1196,59.3969,58.9023,59.3819,81628444.080552
2019-10-24,59.7049,59.7766,59.0459,59.4815,73371267.514202
2019-10-25,59.3769,60.2503,59.3081,60.2123,75226576.394456
2019-10-28,60.4197,60.8633,60.2473,60.8135,98872235.389906
2019-10-29,60.7936,60.9839,59.2353,59.4097,146240279.70083
2019-10-30,59.7677,59.8983,58.9003,59.4019,127486788.48687
2019-10-31,60.3758,60.8434,57.9373,60.7437,142475341.75598
2019-11-01,60.9331,62.4933,60.8414,62.4665,154723423.4194
2019-11-04,62.8354,62.962,62.3598,62.8772,105730568.15825
2019-11-05,62.7656,63.0477,62.5881,62.7854,81799961.654952
2019-11-06,62.6988,62.8752,62.3538,62.8134,77670727.908965
2019-11-07,63.3707,63.7635,63.2171,63.5412,96909782.691888
2019-11-08,63.3577,63.7855,62.9061,63.7117,71535764.863474
2019-11-11,63.2631,64.285,63.2591,64.2172,83731468.247766
2019-11-12,64.0586,64.3646,63.9041,64.1573,89201702.89506
2019-11-13,63.9539,64.8502,63.9399,64.7744,105412620.29836
2019-11-14,64.5989,64.8761,64.1922,64.3268,91440522.006352
2019-11-15,64.581,65.0924,64.4175,65.0864,102456840.95508
2019-11-18,65.0964,65.4992,64.7146,65.4185,88604243.056418
2019-11-19,65.6159,65.6398,64.9998,65.2191,77860712.640855
2019-11-20,65.0346,65.1662,63.7755,64.4624,108647670.88834
2019-11-21,64.583,64.6597,63.9669,64.1693,123913340.85228
2019-11-22,64.3148,64.4594,63.8841,64.1134,66680158.262286
2019-11-25,64.3448,65.254,64.2968,65.238,85863023.17527
2019-11-26,65.3785,65.4325,64.2918,64.7295,107524695.9907
2019-11-27,65.0446,65.6358,64.9798,65.5999,66508646.706187
2019-11-29,65.2929,65.6398,65.1224,65.4553,47584490.510509
2019-12-02,65.4603,65.6986,64.5242,64.6977,96740196.992201
2019-12-03,63.2661,63.5662,62.7676,63.5462,119946691.51549
2019-12-04,63.9399,64.4903,63.8453,64.1065,68636411.10693
2019-12-05,64.6079,65.1194,64.3488,65.0446,76193818.718907
2019-12-06,65.5112,66.3726,65.4683,66.3027,108392783.79235
2019-12-09,66.1293,66.3257,64.8831,65.3726,131400976.29136
2019-12-10,65.7854,66.1463,65.1124,65.7554,92407481.470642
2019-12-11,65.8372,66.3975,65.7604,66.3177,80530139.202934
2019-12-12,65.5859,66.7544,65.4723,66.4862,140605626.06549
2019-12-13,66.4862,67.4273,66.3556,67.3914,136505354.39139
2019-12-16,67.8401,68.7722,67.8361,68.5449,130986387.5525
2019-12-17,68.4731,69.0125,68.2837,68.6765,116674305.39044
2019-12-18,68.53,69.0434,68.3635,68.516,118507109.8361
2019-12-19,68.4572,68.866,68.3216,68.5828,100551243.14929
2019-12-20,69.1231,69.2249,68.2239,68.4423,281859051.04768
2019-12-23,68.7064,69.6176,68.6666,69.5588,100759210.56542
2019-12-24,69.7273,69.7762,69.2907,69.6226,49484504.335754
2019-12-26,69.7592,71.0214,69.7303,71.0034,95272186.863642
2019-12-27,71.3015,71.9974,70.5647,70.9755,149408092.82581
2019-12-30,70.8938,71.6864,69.8549,71.3983,147230550.05209
2019-12-31,71.0084,71.9246,70.9077,71.9176,103085454.53032
2020-01-02,72.5537,73.6225,72.2955,73.5616,138461336.41248
2020-01-03,72.779,73.6185,72.6185,72.8488,149575255.15618
2020-01-06,71.9515,73.4649,71.7023,73.425,121038376.26169
2020-01-07,73.435,73.6972,72.8607,73.0831,113823807.20067
2020-01-08,72.781,74.5626,72.779,74.2575,135109542.81419
2020-01-09,75.2475,76.0261,74.9963,75.8377,174022747.47748
2020-01-10,76.069,76.5785,75.4968,76.0042,143791287.46599
2020-01-13,76.3262,77.6581,76.2036,77.6312,124619469.14501
2020-01-14,77.5664,77.7788,76.4578,76.5814,165987098.56311
2020-01-15,76.378,77.2723,75.8187,76.2514,124452720.07133
2020-01-16,76.8057,77.3191,76.4378,77.2075,111086571.43498
2020-01-17,77.4597,78.0659,77.1497,78.0639,140675344.07367
2020-01-21,77.688,78.1337,77.3929,77.5345,113142600.69356
2020-01-22,78.026,78.373,77.717,77.8106,103944876.98116
2020-01-23,77.8635,78.2663,77.3072,78.1845,106639144.08179
2020-01-24,78.4378,79.1884,77.7658,77.9592,149577302.38166
2020-01-27,75.9373,76.3581,74.6702,75.6692,165299314.05269
2020-01-28,76.5615,77.9821,76.4618,77.8086,165599334.39611
2020-01-29,79.4646,80.2961,78.7089,79.4367,221092872.83518
2020-01-30,78.5106,79.3749,78.0679,79.321,129372404.52934
2020-01-31,78.6032,79.0329,75.5066,75.8087,203728659.32933
2020-02-03,74.5307,76.7818,74.0192,75.5984,177594773.78992
2020-02-04,77.2255,78.2862,76.8157,78.0938,139450517.45121
2020-02-05,79.2354,79.5414,78.1157,78.7269,121291828.99587
2020-02-06,79.005,79.6541,78.4428,79.6511,107612494.98204
2020-02-07,79.1416,79.3948,78.0679,78.5684,119840872.72705
2020-02-10,77.1317,78.9402,77.05,78.9402,111352920.38576
2020-02-11,79.4447,79.5185,78.2443,78.4676,96051803.630304
2020-02-12,78.9203,80.3339,78.9203,80.3279,115814658.25635
2020-02-13,79.5883,80.0867,79.3819,79.7557,96484032.010238
2020-02-14,79.7248,80.0279,79.2602,79.7757,81582055.014253
2020-02-18,77.4199,78.5006,77.2374,78.3161,155561889.14211
2020-02-19,78.5604,79.6829,78.5604,79.4487,95706433.380605
2020-02-20,79.2054,79.7029,78.1207,78.6362,102409056.64593
2020-02-21,78.2224,78.668,76.2265,76.8536,132082808.70181
2020-02-24,72.9794,74.6742,71.0054,73.2037,226267540.682
2020-02-25,73.8836,74.2715,70.2458,70.7223,234901062.69171
2020-02-26,70.3444,73.1329,70.3374,71.8458,202355599.94013
2020-02-27,69.0125,70.2148,67.0106,67.1492,326481344.69964
2020-02-28,63.1603,68.3515,62.939,67.1093,434708544.96265
2020-03-02,69.2976,74.0032,68.181,73.3552,347654230.14272
2020-03-03,74.5496,74.6304,70.165,71.0284,325330515.09756
2020-03-04,72.777,74.4868,71.9615,74.3233,223195207.9069
2020-03-05,72.5507,73.5397,71.5408,71.9096,191010572.40881
2020-03-06,69.2289,71.3963,69.0434,70.9556,230322184.60492
2020-03-09,64.7515,68.2717,64.5671,65.3427,292000076.28202
2020-03-10,68.0354,70.3235,66.1313,70.0513,290518663.39651
2020-03-11,68.0983,69.0414,66.7424,67.6197,261078616.02219
2020-03-12,62.8334,66.2858,60.8833,60.9411,426143545.32526
2020-03-13,65.0286,68.7194,62.1016,68.2419,377526630.27519
2020-03-16,59.3999,63.604,58.9203,59.4637,328332595.23873
2020-03-17,60.7637,63.2441,58.5285,62.0796,329994914.24864
2020-03-18,58.8625,61.3758,58.2114,60.5572,305736080.62685
2020-03-19,60.7338,62.0756,59.5613,60.0927,276839408.62363
2020-03-20,60.6829,61.8254,55.9723,56.2783,409055319.07971
2020-03-23,55.9912,56.0959,52.1968,55.084,342924585.58437
2020-03-24,58.027,60.8085,57.5206,60.6082,292800749.07878
2020-03-25,61.5592,63.3996,59.9741,60.2771,309166230.50176
2020-03-26,60.5204,63.5063,60.4805,63.4465,257189423.22598
2020-03-27,62.0528,62.8154,60.65,60.8215,207959340.57092
2020-03-30,61.5563,62.7296,61.2292,62.5562,171054986.69939
2020-03-31,62.7486,64.4424,61.8683,62.4265,200612509.30867
2020-04-01,60.5164,61.0597,58.7039,59.1456,179448151.79851
2020-04-02,59.003,60.1845,58.1576,60.1306,168975082.83961
2020-04-03,59.6062,60.321,58.6681,59.2682,132260413.78797
2020-04-06,61.5941,64.5929,61.2242,64.4374,205519093.93089
2020-04-07,66.4812,66.7035,63.586,63.6897,206605691.20641
2020-04-08,64.5023,65.6398,64.1294,65.3187,171990670.05495
2020-04-09,65.9648,66.3027,64.9858,65.7934,165087641.36907
2020-04-13,65.873,67.195,65.2599,67.0834,133424210.82321
2020-04-14,68.7394,70.7641,68.2618,70.472,198568402.30493
2020-04-15,69.3275,70.2956,68.8948,69.828,133558265.47516
2020-04-16,70.5498,70.7512,69.3156,70.3843,160004830.85475
2020-04-17,69.8909,70.4441,67.9667,69.4272,219194852.07071
2020-04-20,68.2369,69.1511,67.9647,67.9846,132397817.62458
2020-04-21,67.8261,68.0634,65.1622,65.887,184308646.26339
2020-04-22,67.1721,68.2239,66.8251,67.7813,119202705.09853
2020-04-23,67.7275,69.1681,67.4822,67.5211,127101830.85438
2020-04-24,68.0514,69.48,68.0016,69.4701,128827287.86307
2020-04-27,69.1799,69.8549,68.7264,69.52,119233467.64555
2020-04-28,69.9865,70.173,68.2997,68.3923,114057488.81209
2020-04-29,69.9007,71.1151,69.6944,70.6365,139796796.4644
2020-04-30,71.1879,72.3055,70.7881,72.128,186418930.50805
2020-05-01,70.2756,73.4021,70.177,70.9656,245026539.64469
2020-05-04,70.9914,72.1001,70.2916,71.9695,136015878.9266
2020-05-05,72.437,73.8946,72.2905,73.0542,150459052.73027
2020-05-06,73.765,74.4469,73.3702,73.8069,144942340.74826
2020-05-07,74.4419,74.9205,74.1329,74.5666,117326629.06664
2020-05-08,75.2375,76.398,74.9055,76.3422,136136151.6686
2020-05-11,75.8457,78.0459,75.6323,77.5445,148219805.31654
2020-05-12,78.2393,78.695,76.5345,76.6571,164829391.04571
2020-05-13,76.8416,77.7758,74.6374,75.734,203747871.75312
2020-05-14,74.9604,76.2594,74.2276,76.1966,161404887.34045
2020-05-15,73.9335,75.7968,73.9006,75.7489,168939767.44767
2020-05-18,77.0918,77.9104,76.392,77.5325,137481345.31981
2020-05-19,77.5495,78.4108,77.052,77.0848,103314290.40615
2020-05-20,77.9552,78.6531,77.8376,78.5833,113241895.6434
2020-05-21,78.4448,78.9931,77.7558,77.9971,104288541.04245
2020-05-22,77.7319,78.5833,77.6282,78.5006,83077351.117784
2020-05-26,79.6361,79.8175,77.9104,77.9672,127477207.35122
2020-05-27,77.8216,78.4577,77.0719,78.3091,114704565.53262
2020-05-28,77.9771,79.6211,77.697,78.344,135880705.87365
2020-05-29,78.5883,79.0559,77.9034,78.2663,155990895.72476
2020-06-01,78.2194,79.35,78.0859,79.2284,82280726.631692
2020-06-02,78.9571,79.6211,78.5106,79.5963,89008125.237303
2020-06-03,79.9202,80.2981,79.338,80.0318,106118990.32619
2020-06-04,79.8534,80.1555,78.9651,79.343,88924384.587134
2020-06-05,79.5983,81.6649,79.5683,81.6041,139388299.24948
2020-06-08,81.297,82.1205,80.5732,82.0866,97144649.908657
2020-06-09,81.7616,85.0785,81.7287,84.6777,150013438.64523
2020-06-10,85.6397,87.3306,85.1952,86.8561,169247869.36667
2020-06-11,85.9878,86.4204,82.5831,82.6878,204803969.28079
2020-06-12,84.8581,85.6149,82.274,83.4007,203263944.15906
2020-06-15,82.0338,85.0954,81.8683,84.4324,140971299.05458
2020-06-16,86.5171,86.9448,84.8581,86.6696,168005792.28662
2020-06-17,87.4254,87.4872,86.4263,86.549,116188739.81538
2020-06-18,86.5051,87.0066,85.9658,86.5839,98328662.417913
2020-06-19,87.2987,87.7743,84.9639,86.0884,268595833.41819
2020-06-22,86.4882,88.4851,86.4413,88.3416,137555243.03823
2020-06-23,89.6027,91.6684,89.178,90.2278,215460454.99877
2020-06-24,89.849,90.7831,88.2548,88.6327,195624099.86219
2020-06-25,88.7912,89.849,88.0205,89.809,139664850.22399
2020-06-26,89.7044,89.9277,86.8999,87.0525,208454353.87594
2020-06-29,86.9568,89.1531,86.4733,89.0584,132681293.65778
2020-06-30,88.6387,90.0922,88.6187,89.7991,142407696.04954
2020-07-01,89.8788,90.4312,89.5828,89.6296,112462312.98045
2020-07-02,90.5528,91.1958,89.5179,89.6296,115818017.47151
2020-07-06,91.0792,92.5019,91.0483,92.0283,120504080.50113
2020-07-07,92.4121,93.2027,91.6305,91.7442,114175814.63364
2020-07-08,92.7342,93.9105,92.6444,93.8787,118915948.08808
2020-07-09,94.7879,94.8407,93.2197,94.2156,127599879.38936
2020-07-10,93.8707,94.5077,93.2526,94.4479,91663356.632753
2020-07-13,95.7718,98.4278,93.7939,94.0122,194634667.05786
2020-07-14,93.3852,95.7619,92.4381,95.5685,173653052.25704
2020-07-15,97.4717,97.7269,95.0122,96.2275,155584463.79023
2020-07-16,95.08,95.9115,94.432,95.0421,112300262.19396
2020-07-17,95.4987,95.6582,94.3692,94.8507,93622996.777971
2020-07-20,94.9364,96.9902,94.5895,96.8485,91724887.745083
2020-07-21,97.6541,97.7289,95.2585,95.5117,105260439.52598
2020-07-22,95.2086,96.4718,95.1189,95.7798,90388127.740082
2020-07-23,95.5117,95.5884,90.5986,91.4201,200073384.86438
2020-07-24,89.5897,91.5437,87.7793,91.1938,188327648.80305
2020-07-27,92.2745,93.45,92.0452,93.3562,123102478.0684
2020-07-28,92.9216,93.0991,91.8169,91.8219,105239788.72818
2020-07-29,92.3135,93.767,92.2775,93.5846,91736415.801193
2020-07-30,92.7422,94.8218,92.3293,94.7161,160593383.60749
2020-07-31,101.311,104.79,99.2672,104.64,380126276.63999
2020-08-03,106.525,109.925,106.226,107.263,312951800.18646
2020-08-04,107.462,109.097,106.715,107.981,175484140.48377
2020-08-05,107.701,108.709,107.223,108.369,123892354.03265
2020-08-06,108.719,112.656,108.111,112.158,205582353.29874
2020-08-07,111.68,112.138,108.799,109.596,200768792.55642
2020-08-10,111.081,112.238,108.509,111.211,215324030.13917
2020-08-11,110.453,110.962,107.631,107.901,190486085.4763
2020-08-12,109.007,111.75,108.809,111.49,168226607.77294
2020-08-13,112.876,114.461,112.388,113.444,212970749.9588
2020-08-14,113.274,113.434,111.52,113.344,167841774.51868
2020-08-17,114.481,114.511,112.408,113.055,121205447.31449
2020-08-18,112.796,114.421,112.457,113.982,107086030.0345
2020-08-19,114.401,115.577,114.032,114.132,147539193.6182
2020-08-20,114.172,116.784,114.152,116.674,128652197.42381
2020-08-21,117.641,123.165,117.631,122.675,342702983.70668
2020-08-24,126.952,127.032,122.267,124.151,350694505.43298
2020-08-25,123.005,123.473,121.38,123.125,214403911.11378
2020-08-26,124.471,125.278,123.373,124.809,165263868.26422
2020-08-27,125.427,125.746,122.157,123.303,157691271.46285
2020-08-28,124.301,124.729,122.885,123.115,190209877.54496
2020-08-31,125.846,129.206,124.291,127.292,228806161.47177
2020-09-01,130.961,132.964,128.777,132.356,154566647.67399
2020-09-02,135.736,136.105,125.288,129.605,202870681.2708
2020-09-03,125.198,127.092,118.868,119.236,261141704.8715
2020-09-04,118.449,122.028,109.377,119.316,337180601.4818
2020-09-08,112.408,117.382,111.161,111.3,234547916.79675
2020-09-09,115.677,117.521,113.693,115.737,179373434.58806
2020-09-10,118.738,118.868,110.982,111.958,184780712.78868
2020-09-11,113.016,113.663,108.509,110.483,183347202.57223
2020-09-14,113.165,114.351,111.28,113.793,142077188.99791
2020-09-15,116.724,117.213,112.068,113.962,187180917.66415
2020-09-16,113.663,114.421,110.523,110.613,157158334.83534
2020-09-17,108.229,110.682,107.233,108.848,180458666.71225
2020-09-18,108.907,109.367,104.66,105.398,291052652.22371
2020-09-21,103.116,108.699,101.709,108.589,198404934.2085
2020-09-22,111.161,111.34,107.681,110.294,185572435.36837
2020-09-23,110.104,110.593,105.328,105.658,152791095.32846
2020-09-24,103.744,108.759,103.574,106.744,170049864.18361
2020-09-25,106.954,110.922,106.196,110.762,152043727.62922
2020-09-28,113.444,113.753,111.26,113.394,139565435.91119
2020-09-29,112.996,113.743,112.028,112.536,101436385.81372
2020-09-30,112.248,115.677,112.078,114.232,144637006.24481
2020-10-01,116.037,116.115,114.251,115.209,117717127.54852
2020-10-02,111.37,113.793,110.702,111.5,146701815.20192
2020-10-05,112.368,115.069,112.008,114.919,107704722.44007
2020-10-06,114.122,114.541,110.732,111.64,163718854.97378
2020-10-07,113.065,113.972,112.576,113.514,98180685.428986
2020-10-08,114.67,114.82,113.035,113.404,84624986.381485
2020-10-09,113.713,115.418,113.354,115.388,101888861.76528
2020-10-12,118.439,123.473,117.671,122.705,243529953.61859
2020-10-13,123.563,123.683,118.03,119.456,265937564.78669
2020-10-14,119.356,121.36,118.0,119.546,153139455.67085
2020-10-15,117.113,119.556,116.545,119.076,114106938.18459
2020-10-16,119.636,119.894,117.203,117.412,116980503.52013
2020-10-19,118.339,118.788,114.082,114.401,122298161.19022
2020-10-20,114.621,117.372,114.052,115.917,126134588.52993
2020-10-21,115.089,117.093,114.869,115.289,91182762.174549
2020-10-22,115.867,116.435,113.035,114.172,103390315.59407
2020-10-23,114.81,114.969,112.726,113.474,83708040.003917
2020-10-26,112.457,114.969,111.36,113.484,113388632.86227
2020-10-27,113.913,115.697,112.986,115.019,93545601.423455
2020-10-28,113.484,113.853,109.586,109.685,145917006.64735
2020-10-29,110.852,115.349,110.682,113.753,148138489.03873
2020-10-30,109.546,110.473,106.246,107.383,193193911.80972
2020-11-02,107.631,109.187,105.857,107.293,124556352.2103
2020-11-03,108.17,109.975,107.253,108.947,109104313.51048
2020-11-04,112.586,114.012,110.832,113.384,140136257.74529
2020-11-05,116.345,118.0,115.289,117.412,128124930.03609
2020-11-06,116.913,117.791,114.75,117.282,115831911.72309
2020-11-09,119.076,120.542,114.67,114.939,156370168.06864
2020-11-10,114.172,116.185,112.776,114.591,139680268.10883
2020-11-11,115.807,118.22,115.059,118.08,113642980.31723
2020-11-12,118.21,119.106,117.163,117.801,104591330.8075
2020-11-13,118.03,118.259,116.465,117.851,82669203.96739
2020-11-16,117.511,119.556,116.744,118.878,92277609.538078
2020-11-17,118.14,119.236,117.551,117.98,75162547.687093
2020-11-18,117.203,118.409,116.595,116.625,77238306.94339
2020-11-19,116.185,117.651,115.428,117.233,75002648.443323
2020-11-20,117.243,117.362,115.897,115.947,74487856.994171
2020-11-23,115.797,116.215,112.408,112.496,129495384.50388
2020-11-24,112.556,114.471,111.26,113.793,115241201.40933
2020-11-25,114.162,115.368,113.793,114.65,77417556.02884
2020-11-27,115.189,116.085,114.839,115.209,47251828.907023
2020-11-30,115.587,119.536,115.428,117.641,171443832.15452
2020-12-01,119.576,122.008,118.598,121.26,129705360.02653
2020-12-02,120.572,121.908,119.456,121.619,90072631.334908
2020-12-03,122.058,122.317,120.762,121.479,79915584.379494
2020-12-04,121.14,121.4,120.074,120.802,79199884.981622
2020-12-07,120.862,123.085,120.802,122.287,87657854.145918
2020-12-08,122.885,123.493,121.629,122.895,82993188.183475
2020-12-09,123.045,124.461,119.566,120.333,116255442.65461
2020-12-10,119.076,122.407,118.738,121.779,82287934.550531
2020-12-11,120.981,121.3,119.126,120.961,87983441.236245
2020-12-14,121.14,121.888,120.094,120.333,80025242.844145
2020-12-15,122.855,126.374,122.646,126.354,159463812.65165
2020-12-16,125.896,126.844,125.069,126.285,99387519.336712
2020-12-17,127.372,128.05,126.514,127.172,95492537.937713
2020-12-18,127.432,127.571,124.63,125.168,194852828.47332
2020-12-21,123.533,126.784,121.978,126.704,122707096.73808
2020-12-22,130.043,132.805,128.119,130.313,171384781.58537
2020-12-23,130.591,130.861,129.216,129.395,89282760.385907
2020-12-24,129.754,131.878,129.535,130.403,55589463.140191
2020-12-28,132.396,135.726,131.927,135.078,125980611.29462
2020-12-29,136.414,137.142,132.745,133.264,122500417.23843
2020-12-30,133.932,134.38,131.818,132.137,97609967.912101
2020-12-31,132.486,133.134,130.153,131.12,100306414.64085
2021-01-04,131.937,132.027,125.268,127.88,145022130.38363
2021-01-05,127.362,130.173,126.902,129.445,98837299.150952
2021-01-06,126.195,129.485,124.889,125.108,156949697.38167
2021-01-07,126.834,130.063,126.334,129.355,110893569.52804
2021-01-08,130.861,131.061,128.698,130.482,106420600.50421
2021-01-11,127.66,128.638,126.972,127.452,101828767.02085
2021-01-12,126.972,128.159,125.368,127.272,93054957.405156
2021-01-13,127.232,129.884,126.962,129.325,89700856.791374
2021-01-14,129.236,129.435,127.232,127.382,91304807.306292
2021-01-15,127.252,128.688,125.497,125.627,112938197.11484
2021-01-19,126.255,127.182,125.447,126.304,91846811.50775
2021-01-20,127.132,130.921,127.022,130.462,105571775.27887
2021-01-21,132.217,138.009,132.007,135.258,121976420.79746
2021-01-22,134.67,138.189,133.413,137.411,115833367.14895
2021-01-25,141.378,143.363,134.928,141.229,159503736.05627
2021-01-26,141.908,142.585,139.684,141.468,99571668.322458
2021-01-27,141.738,142.585,138.747,140.372,142534495.6393
2021-01-28,137.859,140.302,135.088,135.477,144333199.38683
2021-01-29,134.22,135.128,128.678,130.393,179654866.40492
2021-02-01,132.167,133.772,129.365,132.546,107515160.99537
2021-02-02,134.121,134.7,133.004,133.383,84305392.516186
2021-02-03,134.15,134.16,132.027,132.346,90959898.459692
2021-02-04,134.69,135.776,132.984,135.766,85193622.569176
2021-02-05,135.926,135.995,134.45,135.347,76488184.868271
2021-02-08,134.62,135.546,133.513,135.496,72045430.726032
2021-02-09,135.208,136.444,134.44,134.6,77579906.727334
2021-02-10,135.068,135.576,132.994,133.982,73813136.209743
2021-02-11,134.49,134.978,132.376,133.722,64954604.96077
2021-02-12,132.944,134.121,132.317,133.962,60776312.028814
2021-02-16,134.081,134.6,131.409,131.808,81421910.02318
2021-02-17,129.884,130.851,128.129,129.475,99114588.370422
2021-02-18,127.86,128.648,126.076,128.368,97873193.36452
2021-02-19,128.897,129.345,127.462,128.528,88588858.272236
2021-02-22,126.674,128.378,124.301,124.699,105006950.68199
2021-02-23,122.477,125.408,117.163,124.56,159933988.42728
2021-02-24,123.643,124.261,120.961,124.051,112205193.09468
2021-02-25,123.383,125.148,119.286,119.724,149754794.12314
2021-02-26,121.31,123.553,119.934,119.994,166287343.58977
2021-03-01,122.467,126.594,121.509,126.454,117528464.83681
2021-03-02,127.072,127.382,123.713,123.823,103334103.65702
2021-03-03,123.513,124.411,120.572,120.792,114151844.74267
2021-03-04,120.482,122.317,117.392,118.888,180024589.71076
2021-03-05,119.714,120.672,116.345,120.154,155380276.87037
2021-03-08,119.665,119.734,114.999,115.149,155996686.33365
2021-03-09,117.801,120.792,117.561,119.824,130885065.43818
2021-03-10,120.422,120.901,118.22,118.748,113118096.17683
2021-03-11,121.26,121.928,119.994,120.692,104107708.1407
2021-03-12,119.156,119.904,117.93,119.764,89029652.700997
2021-03-15,120.144,122.705,119.176,122.695,93562229.989904
2021-03-16,124.401,125.896,123.413,124.271,116437175.29239
2021-03-17,122.755,124.56,121.071,123.463,113107293.32602
2021-03-18,121.599,121.898,119.076,119.276,122744497.47141
2021-03-19,118.668,120.164,118.439,118.748,187496739.0576
2021-03-22,119.086,122.586,119.017,122.107,113086727.78749
2021-03-23,122.048,122.945,120.871,121.26,96469005.314981
2021-03-24,121.539,121.619,118.818,118.848,89459553.001383
2021-03-25,118.309,120.392,117.771,119.336,99881989.991578
2021-03-26,119.106,120.214,117.691,119.944,95058447.896582
2021-03-29,120.383,121.3,119.476,120.124,81667345.377003
2021-03-30,118.868,119.156,117.631,118.668,86570988.052942
2021-03-31,120.383,122.237,119.884,120.881,119565552.49516
2021-04-01,122.377,122.885,121.21,121.719,75877143.729732
2021-04-05,122.586,124.859,121.789,124.6,89581507.858607
2021-04-06,125.198,125.806,124.351,124.909,81012596.325386
2021-04-07,124.53,126.584,123.843,126.564,84342642.791985
2021-04-08,127.61,129.036,127.182,129.007,89776956.205014
2021-04-09,128.458,131.659,128.129,131.619,107806308.3566
2021-04-12,131.15,131.469,129.266,129.874,92379372.994493
2021-04-13,131.071,133.254,130.561,133.024,92224324.501557
2021-04-14,133.532,133.592,130.283,130.661,88138126.625004
2021-04-15,132.426,133.592,132.257,133.094,90284739.34232
2021-04-16,132.895,133.264,131.897,132.765,85813587.84547
2021-04-19,132.127,134.061,131.957,133.433,95253453.897844
2021-04-20,133.612,134.121,130.443,131.728,95807339.229087
2021-04-21,130.991,132.356,129.933,132.117,69569639.998623
2021-04-22,131.659,132.755,130.043,130.571,85453924.130221
2021-04-23,130.791,133.712,130.791,132.915,79583278.858834
2021-04-26,133.423,133.652,132.177,133.314,67607192.315856
2021-04-27,133.602,134.002,132.715,132.984,66708595.738904
2021-04-28,132.905,133.612,131.699,132.197,108890965.733
2021-04-29,135.058,135.656,131.081,132.097,152686653.72797
2021-04-30,130.413,132.177,129.695,130.093,110992156.32443
2021-05-03,130.671,132.675,130.462,131.169,75923591.975993
2021-05-04,129.824,130.123,125.398,126.514,139008365.89551
2021-05-05,127.86,129.096,126.634,126.764,84882432.258571
2021-05-06,126.554,128.408,125.806,128.398,78948237.737822
2021-05-07,129.705,130.113,128.348,129.076,79666723.609191
2021-05-10,128.289,128.418,125.706,125.746,88844567.869401
2021-05-11,122.427,125.178,121.699,124.819,127250464.84119
2021-05-12,122.327,123.553,121.18,121.699,113157247.23279
2021-05-13,123.493,125.059,123.175,123.882,106790889.53037
2021-05-14,125.158,126.774,124.759,126.334,82637258.824173
2021-05-17,125.716,125.826,124.081,125.178,74896552.813033
2021-05-18,125.467,125.886,123.693,123.763,63899131.330342
2021-05-19,122.087,123.833,121.789,123.603,93425199.287962
2021-05-20,124.141,126.604,124.011,126.195,77531992.021659
2021-05-21,126.704,126.883,124.121,124.341,79991714.88769
2021-05-24,124.919,126.824,124.849,125.996,63646953.47298
2021-05-25,126.704,127.202,125.228,125.796,72641785.203338
2021-05-26,125.856,126.275,125.328,125.746,57072703.5832
2021-05-27,125.348,126.524,123.991,124.191,95456492.325221
2021-05-28,124.481,124.709,123.463,123.523,71937278.842803
2021-06-01,123.991,124.261,122.855,123.195,68231028.362926
2021-06-02,123.205,124.151,122.965,123.972,59799379.236245
2021-06-03,123.593,123.763,122.058,122.467,76898525.689484
2021-06-04,122.985,125.069,122.765,124.799,75829392.521242
2021-06-07,125.079,125.228,123.753,124.809,71681494.016871
2021-06-08,125.507,127.342,125.118,125.637,75057101.030292
2021-06-09,126.096,126.634,125.427,126.026,57377372.061314
2021-06-10,125.916,127.072,124.849,125.019,71811497.349013
2021-06-11,125.437,126.324,125.009,126.235,53992343.397232
2021-06-14,126.704,129.395,125.966,129.335,97757408.269164
2021-06-15,128.817,129.455,128.269,128.518,63297296.186666
2021-06-16,129.226,129.744,127.342,129.016,92621238.492605
2021-06-17,128.678,131.399,128.528,130.641,97570965.307578
2021-06-18,129.565,130.363,129.106,129.315,109910009.58271
2021-06-21,129.166,131.259,128.09,131.15,80362825.411981
2021-06-22,130.981,132.905,130.472,132.815,75440280.254759
2021-06-23,132.605,133.144,132.077,132.536,60742930.51769
2021-06-24,133.274,133.463,131.778,132.257,69314337.639843
2021-06-25,132.307,132.725,131.659,131.957,71405285.082481
2021-06-28,132.257,134.061,132.197,133.602,62656691.146117
2021-06-29,133.622,135.308,133.174,135.148,65122936.84769
2021-06-30,134.988,136.214,134.69,135.776,63816880.20974
2021-07-01,135.417,136.135,134.58,136.075,52946650.509441
2021-07-02,136.703,138.787,136.553,138.747,79638779.633277
2021-07-06,138.857,141.908,138.857,140.78,109131717.84538
2021-07-07,142.286,143.632,141.418,143.313,105832799.03607
2021-07-08,140.342,142.804,139.435,141.996,106502498.55113
2021-07-09,141.508,144.389,141.408,143.851,100767924.06263
2021-07-12,144.938,145.047,142.744,143.243,76969693.105221
2021-07-13,142.804,146.175,142.386,144.379,101712443.28753
2021-07-14,146.802,148.268,146.393,147.849,128166395.12889
2021-07-15,147.939,148.696,145.815,147.181,107758266.26355
2021-07-16,147.161,148.457,144.609,145.117,94070249.84706
2021-07-19,142.496,142.814,140.432,141.21,122500867.60797
2021-07-20,142.216,145.825,141.718,144.878,97196067.265678
2021-07-21,144.27,144.858,143.373,144.14,75651963.97193
2021-07-22,144.669,146.892,144.549,145.527,78017248.657258
2021-07-23,146.263,147.42,145.645,147.261,72074783.987495
2021-07-26,146.972,148.527,146.413,147.69,73070120.74539
2021-07-27,147.829,147.909,144.29,145.497,105738971.71295
2021-07-28,143.582,145.695,141.299,143.722,119975505.13594
2021-07-29,143.432,145.277,143.323,144.379,57197343.605847
2021-07-30,143.124,145.057,142.854,144.589,71059152.51462
2021-08-02,145.087,145.675,143.991,144.26,63432099.114082
2021-08-03,144.549,146.743,143.921,146.075,65355499.055066
2021-08-04,145.985,146.493,145.007,145.675,56863231.591751
2021-08-05,145.705,146.543,144.898,145.785,46805083.381342
2021-08-06,145.297,146.045,144.579,145.087,54520407.206815
2021-08-09,145.147,145.645,144.479,145.037,49264338.825972
2021-08-10,145.387,146.633,144.26,144.559,69524996.239696
2021-08-11,144.997,145.665,144.489,144.809,48846092.966023
2021-08-12,145.137,147.969,144.789,147.809,74315612.208366
2021-08-13,147.889,148.368,147.191,148.018,59806766.701072
2021-08-16,147.46,150.102,145.417,150.032,104311830.86536
2021-08-17,149.145,150.59,148.008,149.106,92900401.409876
2021-08-18,148.716,149.634,145.097,145.307,86953726.938365
2021-08-19,143.991,146.922,143.462,145.645,87592659.894206
2021-08-20,146.373,147.42,145.725,147.111,60989928.623747
2021-08-23,147.231,149.106,146.812,148.626,60569070.82104
2021-08-24,148.368,149.774,148.068,148.537,48959878.982303
2021-08-25,148.726,149.234,146.723,147.281,59420264.371246
2021-08-26,147.291,148.038,146.443,146.463,48950579.70377
2021-08-27,146.413,147.67,145.775,147.52,56208166.579316
2021-08-30,147.919,152.385,147.53,152.026,91618133.110802
2021-08-31,151.568,151.707,150.202,150.74,87081778.334789
2021-09-01,151.737,153.851,151.249,151.418,80897729.020975
2021-09-02,152.754,153.591,151.308,152.545,71688853.396291
2021-09-03,152.655,153.501,151.997,153.183,58286851.733087
2021-09-07,153.841,156.124,153.273,155.556,82876563.535088
2021-09-08,155.844,155.904,152.853,153.981,74961368.914814
2021-09-09,154.359,154.977,152.833,152.953,57722440.392897
2021-09-10,153.871,154.349,147.62,147.889,141917769.21214
2021-09-13,149.544,150.332,147.67,148.467,103148982.71563
2021-09-14,149.264,149.982,145.855,147.041,110091064.15854
2021-09-15,147.48,148.358,145.317,147.949,83886911.942487
2021-09-16,147.361,147.889,146.155,147.709,68528873.090433
2021-09-17,147.739,147.739,144.709,145.007,130813191.87509
2021-09-20,142.764,143.801,140.242,141.908,124376764.09387
2021-09-21,142.894,143.562,141.748,142.396,76385404.318939
2021-09-22,143.412,145.377,142.665,144.799,76959931.420537
2021-09-23,145.595,146.015,144.589,145.775,65309654.645034
2021-09-24,144.609,146.403,144.519,145.865,53866744.45858
2021-09-27,144.429,144.908,142.784,144.33,74689931.490292
2021-09-28,142.216,143.712,140.661,140.88,109764753.86902
2021-09-29,141.438,143.412,141.0,141.798,75144527.889999
2021-09-30,142.625,143.343,140.252,140.472,89704257.1316
2021-10-01,140.87,141.888,138.109,141.618,95327771.894302
2021-10-04,140.731,141.18,137.271,138.139,99036976.35706
2021-10-05,138.487,141.21,138.357,140.083,81449059.583323
2021-10-06,138.467,141.12,137.371,140.97,83826277.557047
2021-10-07,142.026,143.173,141.688,142.256,62181557.293279
2021-10-08,142.994,143.144,141.528,141.868,59200535.188308
2021-10-11,141.239,143.772,140.78,141.778,64920896.455277
2021-10-12,142.196,142.216,140.013,140.482,73566953.583509
2021-10-13,140.212,140.372,138.199,139.883,79335460.257702
2021-10-14,141.08,142.844,140.482,142.724,70415444.036708
2021-10-15,142.734,143.851,142.476,143.801,68434376.732819
2021-10-18,142.416,145.785,142.126,145.497,86211555.039243
2021-10-19,145.935,148.088,145.497,147.68,76934297.469268
2021-10-20,147.62,148.676,147.041,148.178,58843591.74524
2021-10-21,147.729,148.557,146.792,148.398,61867625.646439
2021-10-22,148.606,149.096,147.56,147.61,59311626.008663
2021-10-25,147.6,148.288,146.553,147.56,51089380.666018
2021-10-26,148.248,149.754,147.929,148.238,61336193.594237
2021-10-27,148.278,148.646,147.41,147.769,56502834.646795
2021-10-28,148.736,152.066,148.636,151.478,100805624.70798
2021-10-29,146.145,148.856,145.357,148.716,125861790.96931
2021-11-01,147.909,148.616,146.723,147.879,75130641.662835
2021-11-02,147.58,150.481,147.57,148.936,69624621.193055
2021-11-03,149.304,150.88,148.736,150.402,54907925.626508
2021-11-04,150.491,151.338,149.554,149.872,60833787.809128
2021-11-05,151.019,151.328,149.195,150.411,65843820.009069
2021-11-08,150.541,150.7,149.294,149.574,55340196.13455
2021-11-09,149.334,150.561,149.195,149.942,57117513.848462
2021-11-10,149.155,149.264,146.991,147.061,65565422.419112
2021-11-11,148.098,148.567,146.822,147.011,41237903.930861
2021-11-12,147.57,149.534,146.623,149.126,64174311.135213
2021-11-15,149.504,151.009,148.567,149.135,59566518.119906
2021-11-16,149.076,150.62,148.477,150.132,59600118.295976
2021-11-17,150.122,154.1,150.122,152.605,89322414.973069
2021-11-18,152.814,157.759,152.176,156.962,138627591.98546
2021-11-19,156.742,160.091,155.625,159.623,117986411.42423
2021-11-22,160.739,164.748,160.071,160.091,118149644.80692
2021-11-23,160.181,160.859,158.148,160.471,96599304.546935
2021-11-24,159.823,161.199,158.726,160.999,69866773.563528
2021-11-26,158.646,159.523,155.456,155.904,77406408.128761
2021-11-29,158.457,160.251,157.878,159.324,89263290.178202
2021-11-30,159.065,164.568,159.005,164.348,175058190.19513
2021-12-01,166.512,169.313,163.581,163.82,153307630.07888
2021-12-02,157.818,163.252,156.892,162.813,137532775.71649
2021-12-03,163.072,164.01,158.806,160.899,118708094.01664
2021-12-06,163.342,166.911,163.332,164.368,108120869.91897
2021-12-07,168.097,170.59,167.369,170.191,121104156.29473
2021-12-08,171.138,174.947,169.712,174.069,117677934.36445
2021-12-09,173.9,175.733,172.922,173.551,109555906.77784
2021-12-10,174.189,178.596,173.68,178.416,116072501.34132
2021-12-13,180.06,181.078,174.518,174.727,154126370.81914
2021-12-14,174.239,176.711,171.218,173.321,140189313.08331
2021-12-15,174.099,178.466,171.318,178.266,131823917.42937
2021-12-16,178.246,180.09,169.762,171.268,151057486.53067
2021-12-17,168.945,172.474,168.705,170.151,197060534.97306
2021-12-20,167.309,169.593,166.492,168.765,108123013.43728
2021-12-21,170.57,172.204,168.137,171.996,91715127.06345
2021-12-22,172.046,174.847,171.158,174.627,92670033.876368
2021-12-23,174.837,175.823,174.259,175.265,68753292.536172
2021-12-27,176.063,179.382,176.043,179.294,75354398.092382
2021-12-28,179.124,180.28,177.499,178.256,79603673.878836
2021-12-29,178.296,179.592,177.11,178.346,62710789.656362
2021-12-30,178.436,179.532,177.06,177.169,60119922.990096
2021-12-31,177.06,178.196,176.233,176.541,64434063.024741
2022-01-03,176.801,181.825,176.681,180.958,105308881.83607
2022-01-04,181.576,181.885,178.087,178.665,99886812.657007
2022-01-05,178.576,179.134,173.63,173.91,95086276.52172
2022-01-06,171.636,174.289,170.65,171.008,97466363.219058
2022-01-07,171.896,173.132,170.041,171.178,87212386.50621
2022-01-10,168.097,171.506,167.2,171.198,107385194.77609
2022-01-11,171.328,174.169,169.832,174.069,76580200.682707
2022-01-12,175.106,176.153,173.81,174.518,75239324.159627
2022-01-13,174.767,175.605,170.799,171.198,84996211.2535
2022-01-14,170.35,172.783,170.101,172.076,80907639.157089
2022-01-18,170.52,171.546,168.427,168.815,91697850.526564
2022-01-19,169.015,170.091,164.986,165.276,95365273.935706
2022-01-20,166.024,168.695,163.232,163.561,91951098.638504
2022-01-21,163.472,165.376,161.357,161.467,123561842.96882
2022-01-24,159.105,161.357,153.801,160.679,163650997.62375
2022-01-25,158.068,161.817,156.114,158.865,116470433.42834
2022-01-26,162.554,163.442,156.912,158.776,108903712.49512
2022-01-27,161.507,162.893,157.37,158.307,122662433.9212
2022-01-28,164.758,169.363,161.857,169.343,180979963.94508
2022-01-31,169.174,173.989,168.526,173.77,116212166.05312
2022-02-01,173.012,173.83,171.318,173.6,86714275.782118
2022-02-02,173.73,174.867,172.334,174.827,85407078.676075
2022-02-03,173.471,175.225,171.128,171.906,89937035.997824
2022-02-04,170.908,173.312,169.912,171.616,82838470.69711
2022-02-07,172.086,173.162,170.181,170.889,77600685.915568
2022-02-08,170.958,174.557,170.66,174.039,75167742.484153
2022-02-09,175.255,175.853,174.109,175.485,71607529.094088
2022-02-10,173.351,174.687,170.779,171.348,91276973.665902
2022-02-11,171.556,172.304,167.28,167.878,99117069.916651
2022-02-14,166.612,168.815,165.814,168.117,86575430.56234
2022-02-15,170.201,172.174,169.483,172.016,64577149.140825
2022-02-16,171.078,172.564,169.283,171.776,61454162.32991
2022-02-17,170.261,171.138,167.709,168.117,69904164.266357
2022-02-18,169.055,169.772,165.446,166.542,83147135.327276
2022-02-22,164.239,165.944,161.417,163.581,91575175.479286
2022-02-23,164.798,165.406,159.035,159.354,90416445.853725
2022-02-24,151.897,162.115,151.318,162.006,141786086.77394
2022-02-25,163.102,164.378,160.151,164.11,92390310.254028
2022-02-28,162.325,164.678,161.697,164.378,95486662.069558
2022-03-01,163.95,165.854,161.239,162.464,83852060.962799
2022-03-02,163.651,166.602,162.215,165.814,80085421.844786
2022-03-03,167.709,168.147,164.808,165.485,77025332.300593
2022-03-04,163.75,164.808,161.367,162.435,84198789.342488
2022-03-07,162.624,164.278,158.327,158.586,96855041.226457
2022-03-08,158.108,162.145,155.097,156.732,131741591.08001
2022-03-09,160.749,162.674,158.696,162.215,91868643.898709
2022-03-10,159.473,159.663,155.276,157.808,105818596.84809
2022-03-11,158.218,158.566,153.801,154.03,97408792.148972
2022-03-14,150.77,153.422,149.424,149.942,109224011.50472
2022-03-15,150.222,154.868,149.704,154.389,93384869.648006
2022-03-16,156.343,159.284,153.761,158.875,102762959.8438
2022-03-17,157.898,160.271,156.922,159.893,75957457.96037
2022-03-18,159.783,163.74,159.045,163.242,124070454.62561
2022-03-21,162.774,165.605,162.285,164.638,96244799.518937
2022-03-22,164.768,168.655,164.17,168.057,81900855.466832
2022-03-23,167.23,171.866,166.891,169.443,98506306.62302
2022-03-24,170.291,173.351,169.443,173.282,90539170.050463
2022-03-25,173.092,174.488,171.976,173.929,80910543.990509
2022-03-28,171.398,174.937,171.228,174.807,90780755.697565
2022-03-29,175.893,178.206,175.545,178.156,101044503.12254
2022-03-30,177.748,178.804,175.903,176.97,93052223.090273
2022-03-31,177.04,177.229,173.61,173.82,103515477.20283
2022-04-01,173.242,174.089,171.168,173.521,79107596.337528
2022-04-04,173.78,177.688,173.65,177.638,76892274.68055
2022-04-05,176.701,177.499,173.63,174.269,73733853.114724
2022-04-06,171.586,172.852,169.363,171.058,89461681.473937
2022-04-07,170.39,172.584,169.085,171.368,77945686.039738
2022-04-08,171.008,171.008,168.437,169.323,76921932.869279
2022-04-11,167.947,168.267,164.758,165.006,72573547.697277
2022-04-12,167.26,169.104,165.894,166.901,79623774.002075
2022-04-13,166.632,170.271,166.024,169.633,70938402.320703
2022-04-14,169.852,170.5,164.298,164.548,75670163.315014
2022-04-18,163.182,165.844,162.833,164.328,69336203.131459
2022-04-19,164.278,167.061,163.172,166.642,68030213.697874
2022-04-20,167.997,168.117,165.356,166.472,68237125.905178
2022-04-21,168.147,170.759,165.166,165.674,87622383.2812
2022-04-22,165.714,167.11,160.769,161.059,85266428.968962
2022-04-25,160.391,162.435,157.749,162.145,96480886.444766
2022-04-26,161.517,161.607,156.014,156.094,96055836.895215
2022-04-27,155.207,159.075,154.678,155.864,88461586.245827
2022-04-28,158.536,163.77,158.218,162.903,130805888.66648
2022-04-29,161.109,165.456,156.542,156.942,132343592.73001
2022-05-02,156.004,157.52,152.585,157.25,123611963.38191
2022-05-03,157.44,159.982,155.615,158.766,89369007.658562
2022-05-04,158.955,165.734,158.546,165.276,108746251.66642
2022-05-05,163.112,163.342,154.249,156.064,131115766.9874
2022-05-06,155.536,158.955,153.711,156.802,116478852.02879
2022-05-09,154.454,155.356,151.029,151.598,131979261.82212
2022-05-10,155.047,156.264,152.465,154.04,115718629.23801
2022-05-11,153.033,154.977,145.367,146.055,143125059.50772
2022-05-12,142.336,145.755,138.377,142.126,183159016.30937
2022-05-13,144.15,147.655,142.674,146.663,114338548.49731
2022-05-16,145.107,147.071,143.742,145.097,86908063.07737
2022-05-17,148.408,149.314,146.234,148.786,78575196.341869
2022-05-18,146.403,146.912,139.475,140.392,110077629.30398
2022-05-19,139.455,141.229,136.185,136.932,136510760.83204
2022-05-20,138.667,140.272,132.207,137.171,137845304.09607
2022-05-23,137.371,142.824,137.231,142.674,118085355.30649
2022-05-24,140.377,141.538,136.913,139.933,104450373.16398
2022-05-25,138.009,141.354,137.919,140.093,92764788.017888
2022-05-26,136.972,143.901,136.723,143.343,90877902.113845
2022-05-27,144.948,149.224,144.819,149.185,91256006.907278
2022-05-31,148.616,150.202,146.393,148.388,104034779.3688
2022-06-01,149.444,151.279,147.231,148.258,74513225.137135
2022-06-02,147.381,150.81,146.413,150.75,72568732.053199
2022-06-03,146.453,147.52,144.021,144.938,88840447.339122
2022-06-06,146.583,148.117,144.459,145.695,71816770.383988
2022-06-07,143.906,148.547,143.662,148.258,68014979.371223
2022-06-08,148.128,149.414,147.011,147.51,54114760.660604
2022-06-09,146.633,147.5,142.096,142.206,69684883.446864
2022-06-10,139.853,140.332,136.643,136.713,91845934.841864
2022-06-13,132.466,134.788,131.041,131.479,122579856.80928
2022-06-14,132.725,133.483,131.081,132.356,85042936.341621
2022-06-15,133.882,136.922,131.758,135.018,91812167.156407
2022-06-16,131.679,131.987,128.648,129.665,108290813.70758
2022-06-17,129.67,132.674,129.415,131.16,134930605.67736
2022-06-21,133.014,136.643,132.915,135.457,81247556.825825
2022-06-22,134.38,137.341,133.503,134.938,73633147.876285
2022-06-23,136.404,138.169,135.218,137.849,72654706.496195
2022-06-24,139.475,141.478,139.345,141.229,89388662.427506
2022-06-27,142.261,143.054,140.536,141.229,70422057.14677
2022-06-28,141.698,142.986,136.908,137.022,67520654.15864
2022-06-29,137.042,140.242,136.254,138.807,66444464.53214
2022-06-30,136.833,137.949,133.367,136.304,99266329.806802
2022-07-01,135.626,138.617,135.248,138.507,71268274.441544
2022-07-05,137.351,141.18,136.514,141.13,73653617.122003
2022-07-06,140.925,143.682,140.651,142.486,74290165.827486
2022-07-07,142.854,146.105,142.844,145.905,66455796.993459
2022-07-08,144.823,147.101,144.559,146.593,64744682.599774
2022-07-11,145.227,146.194,143.343,144.429,63498207.144538
2022-07-12,145.317,147.998,144.609,145.417,77825421.322125
2022-07-13,142.556,146.005,141.688,145.047,71402691.194628
2022-07-14,143.642,148.497,142.814,148.018,78379089.994522
2022-07-15,149.324,150.402,147.749,149.714,76492540.112301
2022-07-18,150.282,151.109,146.254,146.623,81669219.074803
2022-07-19,147.47,150.77,146.463,150.541,83235480.980978
2022-07-20,150.64,153.253,149.912,152.575,65021138.284517
2022-07-21,154.03,155.097,151.478,154.878,65285164.171008
2022-07-22,154.917,155.805,152.943,153.621,66878782.26567
2022-07-25,153.541,154.569,151.817,152.485,53787509.509972
2022-07-26,151.802,152.62,150.342,151.139,55306875.80949
2022-07-27,152.116,156.852,151.697,156.314,78860497.92645
2022-07-28,156.502,157.16,153.941,156.872,81626953.547934
2022-07-29,160.749,163.132,159.015,162.016,102097331.70956
2022-08-01,160.521,163.092,160.401,161.019,68036273.124217
2022-08-02,159.613,161.916,159.145,159.523,60089754.248809
2022-08-03,160.351,166.083,160.261,165.625,82759153.498384
2022-08-04,165.5,166.681,163.93,165.306,55643352.012941
2022-08-05,162.94,165.575,162.73,165.076,56791036.974998
2022-08-08,166.094,167.532,163.928,164.597,60462470.257551
2022-08-09,163.748,165.545,162.98,164.647,63240235.531185
2022-08-10,167.402,169.06,166.624,168.96,70286942.624825
2022-08-11,169.778,170.707,167.911,168.211,57243961.065284
2022-08-12,169.539,171.885,169.119,171.815,68152249.346557
2022-08-15,171.236,173.103,171.061,172.903,54181424.179685
2022-08-16,172.494,173.422,171.378,172.743,56470571.249799
2022-08-17,172.484,175.858,172.284,174.261,79673985.562612
2022-08-18,173.462,174.61,172.833,173.862,62393405.090242
2022-08-19,172.743,173.452,171.026,171.236,70462989.176569
2022-08-22,169.409,169.579,166.858,167.292,69141314.342995
2022-08-23,166.803,168.431,166.374,166.953,54236901.05527
2022-08-24,166.953,167.832,165.97,167.253,53930839.18438
2022-08-25,168.5,169.858,168.071,169.748,51303172.489898
2022-08-26,170.288,170.767,163.289,163.349,79091964.674348
2022-08-29,160.878,162.63,159.555,161.113,73435570.085539
2022-08-30,161.861,162.291,157.459,158.647,78035431.944193
2022-08-31,160.04,160.314,156.88,156.96,88137055.302877
2022-09-01,156.381,158.158,154.414,157.698,74353032.500515
2022-09-02,159.485,160.096,154.708,155.552,77085429.639712
2022-09-06,156.211,156.83,153.435,154.274,73837125.103198
2022-09-07,154.569,156.411,153.356,155.702,87594640.005669
2022-09-08,154.384,156.101,152.427,154.204,85064723.195352
2022-09-09,155.213,157.559,154.494,157.109,68193942.394662
2022-09-12,159.326,163.988,159.036,163.159,105130068.53342
2022-09-13,159.635,160.274,153.116,153.585,122860083.31664
2022-09-14,154.529,156.84,153.356,155.053,88111330.700209
2022-09-15,154.394,154.983,151.129,152.118,90631204.878863
2022-09-16,150.96,151.099,148.124,150.45,162548037.77469
2022-09-19,149.063,154.304,148.853,154.224,81609399.813695
2022-09-20,153.146,157.818,152.826,156.64,107868437.5627
2022-09-21,157.079,158.477,153.346,153.465,101865490.04552
2022-09-22,152.128,154.214,150.66,152.487,86796285.846585
2022-09-23,150.94,151.219,148.314,150.181,96189208.52184
2022-09-26,149.412,153.515,149.392,150.52,93494245.377306
2022-09-27,152.487,154.464,149.697,151.509,84582819.111125
2022-09-28,147.395,150.392,144.6,149.592,146934726.47674
2022-09-29,145.858,146.477,140.447,142.244,128350799.52449
2022-09-30,141.046,142.863,137.771,137.971,125132506.69054
2022-10-03,137.981,142.833,137.457,142.214,114501289.26796
2022-10-04,144.79,145.978,144.021,145.858,87975761.182723
2022-10-05,143.836,147.136,142.773,146.158,79602798.669574
2022-10-06,145.569,147.296,144.98,145.189,68515638.156933
2022-10-07,142.304,142.863,139.214,139.858,86068096.888509
2022-10-10,140.187,141.655,138.343,140.187,75023248.449144
2022-10-11,139.668,141.116,137.991,138.75,77161459.553305
2022-10-12,138.9,140.128,137.931,138.111,70550583.241622
2022-10-13,134.766,143.352,134.147,142.753,113411796.95325
2022-10-14,144.071,144.281,137.961,138.151,88744940.024389
2022-10-17,140.831,142.663,140.038,142.174,85392357.792963
2022-10-18,145.249,146.457,140.377,143.512,99301063.082736
2022-10-19,141.455,144.709,141.266,143.622,61860788.019936
2022-10-20,142.783,145.648,142.414,143.153,64629021.507923
2022-10-21,142.633,147.603,142.413,147.026,86692180.436995
2022-10-24,146.941,149.981,145.758,149.202,76107960.847816
2022-10-25,149.841,152.237,149.113,152.088,74856259.89841
2022-10-26,150.71,151.738,147.795,149.103,88582874.626918
2022-10-27,147.825,148.799,143.891,144.56,109361263.8412
2022-10-28,147.955,157.239,147.575,155.482,165035687.58637
2022-10-31,152.901,153.985,151.668,153.086,98105644.342631
2022-11-01,154.823,155.193,148.883,150.401,80512682.533667
2022-11-02,148.698,151.918,144.76,144.79,93759899.328398
2022-11-03,141.825,142.564,138.52,138.65,98080948.443606
2022-11-04,142.09,142.67,134.38,138.38,140814796.0
2022-11-07,137.11,139.145,135.671,138.92,83374628.0
2022-11-08,140.41,141.43,137.49,139.5,89908477.0
2022-11-09,138.5,138.55,134.5933,134.87,74917794.0
2022-11-10,141.24,146.87,139.5,146.87,118854028.0
2022-11-11,145.82,150.01,144.37,149.7,93979665.0
2022-11-14,148.97,150.28,147.43,148.28,73374114.0
2022-11-15,152.215,153.59,148.5613,150.04,89868332.0
2022-11-16,149.13,149.87,147.29,148.79,64218266.0
2022-11-17,146.43,151.48,146.15,150.72,80389400.0
2022-11-18,152.305,152.7,149.97,151.29,74829573.0
2022-11-21,150.16,150.37,147.715,148.01,58724070.0
2022-11-22,148.13,150.42,146.925,150.18,51804132.0
2022-11-23,149.45,151.83,149.34,151.07,58301395.0
2022-11-25,148.305,148.88,147.12,148.11,35195860.0
2022-11-28,145.14,146.64,143.38,144.22,69346522.0
2022-11-29,144.29,144.81,140.355,141.17,83763803.0
2022-11-30,141.395,148.72,140.55,148.03,111380880.0
2022-12-01,148.21,149.13,146.61,148.31,71250416.0
2022-12-02,145.96,148.0,145.65,147.81,65447446.0
2022-12-05,147.77,150.9199,145.77,146.63,68826442.0
2022-12-06,147.075,147.3,141.92,142.91,64727186.0
2022-12-07,142.19,143.37,140.0,140.94,69721094.0
2022-12-08,142.36,143.52,141.1,142.65,62128338.0
2022-12-09,142.34,145.57,140.9,142.16,76097011.0
2022-12-12,142.7,144.5,141.06,144.49,70462654.0
2022-12-13,149.5,149.9692,144.24,145.47,93886161.0
2022-12-14,145.35,146.655,141.16,143.21,82291182.0
2022-12-15,141.11,141.8,136.025,136.5,98931907.0
2022-12-16,136.685,137.65,133.73,134.51,160156900.0
2022-12-19,135.11,135.2,131.32,132.37,79592614.0
2022-12-20,131.39,133.25,129.89,132.3,77432819.0
2022-12-21,132.98,136.81,132.75,135.45,85927993.0
2022-12-22,134.352,134.56,130.3,132.23,77852108.0
2022-12-23,130.92,132.415,129.64,131.86,63814893.0
2022-12-27,131.38,131.41,128.72,130.03,69007830.0
2022-12-28,129.67,131.0275,125.87,126.04,85438391.0
2022-12-29,127.99,130.4814,127.73,129.61,75703710.0
2022-12-30,128.41,129.95,127.43,129.93,77034209.0
2023-01-03,130.28,130.9,124.17,125.07,112117471.0
2023-01-04,126.89,128.6557,125.08,126.36,89113633.0
2023-01-05,127.13,127.77,124.76,125.02,80962708.0
2023-01-06,126.01,130.29,124.89,129.62,87754715.0
2023-01-09,130.465,133.41,129.89,130.15,70790813.0
2023-01-10,130.26,131.2636,128.12,130.73,63896155.0
2023-01-11,131.25,133.51,130.46,133.49,69458949.0
2023-01-12,133.88,134.26,131.44,133.41,71379648.0
2023-01-13,132.03,134.92,131.66,134.76,57809719.0
2023-01-17,134.83,137.29,134.13,135.94,63646627.0
2023-01-18,136.815,138.61,135.03,135.21,69672800.0
2023-01-19,134.08,136.25,133.77,135.27,58280413.0
2023-01-20,135.28,138.02,134.22,137.87,80223626.0
2023-01-23,138.12,143.315,137.9,141.11,81760313.0
2023-01-24,140.305,143.16,140.3,142.53,66435142.0
2023-01-25,140.89,142.43,138.81,141.86,65799349.0
2023-01-26,143.17,144.25,141.9,143.96,54105068.0
2023-01-27,143.155,147.23,143.08,145.93,70555843.0
2023-01-30,144.955,145.55,142.85,143.0,64015274.0
2023-01-31,142.7,144.34,142.28,144.29,65874459.0
2023-02-01,143.97,146.61,141.32,145.43,77663633.0
2023-02-02,148.9,151.18,148.17,150.82,118338980.0
2023-02-03,148.03,157.38,147.83,154.5,154357337.0
2023-02-06,152.575,153.1,150.78,151.73,69858306.0
2023-02-07,150.64,155.23,150.64,154.65,83322551.0
2023-02-08,153.88,154.58,151.168,151.92,64120079.0
2023-02-09,153.775,154.33,150.42,150.87,56007143.0
2023-02-10,149.46,151.3401,149.22,151.01,57450708.0
2023-02-13,150.952,154.26,150.92,153.85,62199013.0
2023-02-14,152.12,153.77,150.86,153.2,61707573.0
2023-02-15,153.11,155.5,152.88,155.33,65669252.0
2023-02-16,153.51,156.33,153.3475,153.71,68167942.0
2023-02-17,152.35,153.0,150.85,152.55,59144118.0
2023-02-21,150.2,151.3,148.405,148.48,58867230.0
2023-02-22,148.87,149.95,147.16,148.91,51011305.0
2023-02-23,150.09,150.34,147.24,149.4,48394249.0
2023-02-24,147.11,147.19,145.7202,146.71,55469606.0
2023-02-27,147.71,149.17,147.45,147.92,44998470.0
2023-02-28,147.05,149.08,146.83,147.41,50546998.0
2023-03-01,146.83,147.2285,145.01,145.31,55478991.0
2023-03-02,144.38,146.71,143.9,145.91,52279761.0
2023-03-03,148.045,151.11,147.33,151.03,70732297.0
2023-03-06,153.785,156.3,153.46,153.83,87558028.0
2023-03-07,153.7,154.0299,151.13,151.6,56182028.0
2023-03-08,152.81,153.47,151.83,152.87,47204791.0
2023-03-09,153.559,154.535,150.225,150.59,53833582.0
2023-03-10,150.21,150.94,147.6096,148.5,68572400.0
2023-03-13,147.805,153.14,147.7,150.47,84457122.0
2023-03-14,151.28,153.4,150.1,152.59,73695893.0
2023-03-15,151.19,153.245,149.92,152.99,77167866.0
2023-03-16,152.16,156.46,151.64,155.85,76254419.0
2023-03-17,156.08,156.74,154.28,155.0,98944633.0
2023-03-20,155.07,157.82,154.15,157.4,73641415.0
2023-03-21,157.32,159.4,156.54,159.28,73938285.0
2023-03-22,159.3,162.14,157.81,157.83,75701811.0
2023-03-23,158.83,161.5501,157.68,158.93,67622060.0
2023-03-24,158.86,160.34,157.85,160.25,59256343.0
2023-03-27,159.94,160.77,157.87,158.28,52390266.0
2023-03-28,157.97,158.49,155.98,157.65,45992152.0
2023-03-29,159.37,161.05,159.35,160.77,51305691.0
2023-03-30,161.53,162.47,161.271,162.36,49501689.0
2023-03-31,162.44,165.0,161.91,164.9,68749792.0
2023-04-03,164.27,166.29,164.22,166.17,56976187.0
2023-04-04,166.595,166.84,165.11,165.63,46278295.0
2023-04-05,164.74,165.05,161.8,163.76,51511744.0
2023-04-06,162.43,164.9584,162.0,164.66,45390123.0
2023-04-10,161.42,162.03,160.08,162.03,47716882.0
2023-04-11,162.35,162.36,160.51,160.8,47644217.0
2023-04-12,161.22,162.06,159.78,160.1,50133062.0
2023-04-13,161.63,165.8,161.42,165.56,68445649.0
2023-04-14,164.59,166.32,163.82,165.21,49386480.0
2023-04-17,165.09,165.39,164.03,165.23,41516217.0
2023-04-18,166.1,167.41,165.65,166.47,49923008.0
2023-04-19,165.8,168.16,165.54,167.63,47720166.0
2023-04-20,166.09,167.87,165.56,166.65,52456377.0
2023-04-21,165.05,166.4521,164.49,165.02,58337341.0
2023-04-24,165.0,165.6,163.89,165.33,41949581.0
2023-04-25,165.19,166.305,163.73,163.77,48714063.0
2023-04-26,163.055,165.28,162.8,163.76,45498796.0
2023-04-27,165.19,168.56,165.19,168.41,64902329.0
2023-04-28,168.49,169.85,167.8801,169.68,55275851.0
2023-05-01,169.28,170.45,168.64,169.59,52472936.0
2023-05-02,170.09,170.35,167.54,168.54,48425696.0
2023-05-03,169.5,170.92,167.16,167.45,65136018.0
2023-05-04,164.89,167.04,164.31,165.79,81235427.0
2023-05-05,170.975,174.3,170.76,173.57,113453171.0
2023-05-08,172.48,173.85,172.11,173.5,55962793.0
2023-05-09,173.05,173.54,171.6,171.77,45326874.0
2023-05-10,173.02,174.03,171.9,173.555,53724501.0
2023-05-11,173.85,174.59,172.17,173.75,49514676.0
2023-05-12,173.62,174.06,171.0,172.57,45533138.0
2023-05-15,173.16,173.21,171.47,172.07,37266659.0
2023-05-16,171.99,173.1383,171.7991,172.07,42110293.0
2023-05-17,171.71,172.925,170.4201,172.69,57951604.0
2023-05-18,173.0,175.24,172.58,175.05,65496657.0
2023-05-19,176.39,176.39,174.94,175.16,55809475.0
2023-05-22,173.98,174.71,173.45,174.2,43570932.0
2023-05-23,173.13,173.3794,171.275,171.56,50747263.0
2023-05-24,171.09,172.4183,170.52,171.84,45143488.0
2023-05-25,172.41,173.895,171.69,172.99,56058258.0
2023-05-26,173.32,175.77,173.11,175.43,54834975.0
2023-05-30,176.96,178.99,176.57,177.3,55964401.0
2023-05-31,177.325,179.35,176.76,177.25,99625288.0
2023-06-01,177.7,180.12,176.9306,180.09,68901809.0
2023-06-02,181.03,181.78,179.26,180.95,61996913.0
2023-06-05,182.63,184.951,178.035,179.58,121946497.0
2023-06-06,179.965,180.12,177.43,179.21,64848374.0
2023-06-07,178.44,181.21,177.32,177.82,61944615.0
2023-06-08,177.895,180.84,177.46,180.57,50214881.0
2023-06-09,181.5,182.23,180.63,180.96,48899973.0
2023-06-12,181.27,183.89,180.97,183.79,54754995.0
2023-06-13,182.8,184.15,182.44,183.31,54929129.0
2023-06-14,183.37,184.39,182.02,183.95,57462882.0
2023-06-15,183.96,186.52,183.78,186.01,65433166.0
2023-06-16,186.73,186.99,184.27,184.92,101256225.0
2023-06-20,184.41,186.1,184.41,185.01,49799092.0
2023-06-21,184.9,185.41,182.5901,183.96,49515697.0
2023-06-22,183.74,187.045,183.67,187.0,51245327.0
2023-06-23,185.55,187.56,185.01,186.68,53116996.0
2023-06-26,187.3219,188.05,185.23,185.27,48088661.0
2023-06-27,185.89,188.39,185.67,188.06,50730846.0
2023-06-28,187.93,189.9,187.6,189.25,51216801.0
2023-06-29,189.08,190.07,188.94,189.59,46347308.0
2023-06-30,191.63,194.48,191.26,193.97,85213216.0
2023-07-03,193.78,193.88,191.76,192.46,31458198.0
2023-07-05,191.565,192.98,190.62,191.33,46920261.0
2023-07-06,189.84,192.02,189.2,191.81,45156009.0
2023-07-07,191.41,192.67,190.24,190.68,46814998.0
2023-07-10,189.26,189.99,187.035,188.61,59922163.0
2023-07-11,189.16,189.3,186.6,188.08,46638119.0
2023-07-12,189.68,191.7,188.47,189.77,60750248.0
2023-07-13,190.5,191.19,189.78,190.54,41342338.0
2023-07-14,190.23,191.1799,189.63,190.69,41616242.0
2023-07-17,191.9,194.32,191.81,193.99,50520159.0
2023-07-18,193.35,194.33,192.415,193.73,48353774.0
2023-07-19,193.1,198.23,192.65,195.1,80507323.0
2023-07-20,195.09,196.47,192.495,193.13,59581196.0
2023-07-21,194.1,194.97,191.23,191.94,71951683.0
2023-07-24,193.41,194.91,192.25,192.75,45505097.0
2023-07-25,193.33,194.44,192.915,193.62,37283201.0
2023-07-26,193.67,195.64,193.32,194.5,47471868.0
2023-07-27,196.02,197.2,192.55,193.22,47460180.0
2023-07-28,194.67,196.626,194.14,195.83,48291443.0
2023-07-31,196.06,196.49,195.26,196.45,38824113.0
2023-08-01,196.235,196.73,195.28,195.605,35281426.0
2023-08-02,195.04,195.18,191.8507,192.58,50389327.0
2023-08-03,191.57,192.37,190.69,191.17,62243282.0
2023-08-04,185.52,187.38,181.92,181.99,115956841.0
2023-08-07,182.13,183.13,177.35,178.85,97576069.0
2023-08-08,179.69,180.27,177.58,179.8,67823003.0
2023-08-09,180.87,180.93,177.01,178.19,60378492.0
2023-08-10,179.48,180.75,177.6,177.97,54686851.0
2023-08-11,177.32,178.62,176.55,177.79,52036672.0
2023-08-14,177.97,179.69,177.305,179.46,43675627.0
2023-08-15,178.88,179.48,177.05,177.45,43622593.0
2023-08-16,177.13,178.54,176.5,176.57,46964857.0
2023-08-17,177.14,177.5054,173.48,174.0,66062882.0
2023-08-18,172.3,175.1,171.96,174.49,61172150.0
2023-08-21,175.07,176.13,173.735,175.84,46311879.0
2023-08-22,177.06,177.68,176.25,177.23,42084245.0
2023-08-23,178.52,181.55,178.325,181.12,52722752.0
2023-08-24,180.674,181.104,176.01,176.38,54945798.0
2023-08-25,177.38,179.15,175.82,178.61,51449594.0
2023-08-28,180.09,180.59,178.545,180.19,43820697.0
2023-08-29,179.695,184.9,179.5,184.12,53003948.0
2023-08-30,184.94,187.85,184.74,187.65,60813888.0
2023-08-31,187.84,189.12,187.48,187.87,60794467.0
2023-09-01,189.485,189.92,188.28,189.46,45766503.0
2023-09-05,188.28,189.98,187.61,189.7,45280027.0
2023-09-06,188.4,188.85,181.47,182.91,81755816.0
2023-09-07,175.18,178.21,173.54,177.56,112488803.0
2023-09-08,178.35,180.239,177.79,178.18,65602066.0
2023-09-11,180.07,180.3,177.34,179.36,58953052.0
2023-09-12,179.49,180.13,174.82,176.3,90370192.0
2023-09-13,176.51,177.3,173.98,174.21,84267928.0
2023-09-14,174.0,176.1,173.58,175.74,60895757.0
2023-09-15,176.48,176.495,173.82,175.01,109259461.0
2023-09-18,176.48,179.38,176.17,177.97,67257573.0
2023-09-19,177.52,179.63,177.13,179.07,51826941.0
2023-09-20,179.26,179.695,175.4,175.49,58436181.0
2023-09-21,174.55,176.3,173.86,173.93,63149116.0
2023-09-22,174.67,177.079,174.05,174.79,56725385.0
2023-09-25,174.2,176.97,174.15,176.08,46172740.0
2023-09-26,174.82,175.2,171.66,171.96,64588945.0
2023-09-27,172.62,173.04,169.05,170.43,66921808.0
2023-09-28,169.34,172.03,167.62,170.69,56294419.0
2023-09-29,172.02,173.07,170.341,171.21,51861083.0
2023-10-02,171.22,174.3,170.93,173.75,52164535.0
2023-10-03,172.255,173.63,170.82,172.4,49594613.0
2023-10-04,171.09,174.21,170.97,173.66,53020286.0
2023-10-05,173.79,175.45,172.68,174.91,48527918.0
2023-10-06,173.8,177.99,173.18,177.49,57266675.0
2023-10-09,176.81,179.05,175.8,178.99,42390772.0
2023-10-10,178.1,179.72,177.95,178.39,43698019.0
2023-10-11,178.2,179.85,177.6,179.8,47551098.0
2023-10-12,180.07,182.34,179.04,180.71,56743119.0
2023-10-13,181.42,181.93,178.14,178.85,51456082.0
2023-10-16,176.75,179.075,176.51,178.72,52516984.0
2023-10-17,176.645,178.42,174.8,177.15,57549350.0
2023-10-18,175.58,177.575,175.11,175.84,54764375.0
2023-10-19,176.04,177.84,175.19,175.46,59302863.0
2023-10-20,175.31,175.42,172.64,172.88,64244028.0
2023-10-23,170.91,174.01,169.93,173.0,55980109.0
2023-10-24,173.05,173.67,171.45,173.44,43816644.0
2023-10-25,171.88,173.06,170.65,171.1,57156962.0
2023-10-26,170.37,171.3775,165.67,166.89,70625258.0
2023-10-27,166.91,168.96,166.83,168.22,58499129.0
2023-10-30,169.02,171.17,168.87,170.29,51130955.0
2023-10-31,169.35,170.9,167.9,170.77,44846017.0
2023-11-01,171.0,174.23,170.12,173.97,56934906.0
2023-11-02,175.52,177.78,175.46,177.57,77334752.0
2023-11-03,174.24,176.82,173.35,176.65,79829246.0
2023-11-06,176.38,179.43,176.21,179.23,63841310.0
2023-11-07,179.18,182.44,178.97,181.82,70529966.0
2023-11-08,182.35,183.45,181.59,182.89,49340282.0
2023-11-09,182.96,184.12,181.81,182.41,53763540.0
2023-11-10,183.97,186.565,183.53,186.4,66177922.0
2023-11-13,185.82,186.03,184.21,184.8,43627519.0
2023-11-14,187.7,188.11,186.3,187.44,60108378.0
2023-11-15,187.845,189.5,187.78,188.01,53790499.0
2023-11-16,189.57,190.96,188.65,189.71,54412915.0
2023-11-17,190.25,190.38,188.57,189.69,50941404.0
2023-11-20,189.89,191.905,189.88,191.45,46538614.0
2023-11-21,191.41,191.52,189.74,190.64,38134485.0
2023-11-22,191.49,192.93,190.825,191.31,39630011.0
2023-11-24,190.87,190.9,189.25,189.97,24048344.0
2023-11-27,189.92,190.67,188.9,189.79,40552609.0
2023-11-28,189.78,191.08,189.4,190.4,38415419.0
2023-11-29,190.9,192.09,188.97,189.37,43014224.0
2023-11-30,189.84,190.32,188.19,189.95,48794366.0
2023-12-01,190.33,191.56,189.23,191.24,45704823.0
2023-12-04,189.98,190.05,187.4511,189.43,43389519.0
2023-12-05,190.21,194.4,190.18,193.42,66628398.0
2023-12-06,194.45,194.76,192.11,192.32,41089737.0
2023-12-07,193.63,195.0,193.59,194.27,47477655.0
2023-12-08,194.2,195.99,193.67,195.71,53406358.0
2023-12-11,193.11,193.49,191.42,193.18,60943699.0
2023-12-12,193.08,194.72,191.721,194.71,52696900.0
2023-12-13,195.09,198.0,194.85,197.96,70404183.0
2023-12-14,198.02,199.62,196.16,198.11,66831572.0
2023-12-15,197.53,198.3999,197.0,197.57,128538401.0
2023-12-18,196.09,196.63,194.39,195.89,55751861.0
2023-12-19,196.16,196.95,195.89,196.94,40714051.0
2023-12-20,196.9,197.68,194.83,194.83,52242815.0
2023-12-21,196.1,197.08,193.5,194.68,46482549.0
2023-12-22,195.18,195.41,192.97,193.6,37149570.0
2023-12-26,193.61,193.89,192.83,193.05,28919310.0
2023-12-27,192.49,193.5,191.09,193.15,48087681.0
2023-12-28,194.14,194.66,193.17,193.58,34049898.0
2023-12-29,193.9,194.4,191.725,192.53,42672148.0
2024-01-02,187.15,188.44,183.885,185.64,82488674.0
2024-01-03,184.22,185.88,183.43,184.25,58414460.0
2024-01-04,182.15,183.0872,180.88,181.91,71983570.0
2024-01-05,181.99,182.76,180.17,181.18,62379661.0
2024-01-08,182.085,185.6,181.5,185.56,59144470.0
2024-01-09,183.92,185.15,182.73,185.14,42841809.0
2024-01-10,184.35,186.4,183.92,186.19,46792908.0
2024-01-11,186.54,187.05,183.62,185.59,49128408.0
2024-01-12,186.06,186.74,185.19,185.92,40477782.0
2024-01-16,182.16,184.26,180.934,183.63,65603041.0
2024-01-17,181.27,182.93,180.3,182.68,47317433.0
2024-01-18,186.09,189.14,185.83,188.63,78005754.0
2024-01-19,189.33,191.95,188.82,191.56,68902985.0
2024-01-22,192.3,195.33,192.26,193.89,60133852.0
2024-01-23,195.02,195.75,193.8299,195.18,42355590.0
2024-01-24,195.42,196.38,194.34,194.5,53631316.0
2024-01-25,195.22,196.2675,193.1125,194.17,54822126.0
2024-01-26,194.27,194.76,191.94,192.42,44594011.0
2024-01-29,192.01,192.2,189.58,191.73,47145622.0
2024-01-30,190.94,191.8,187.47,188.04,55859370.0
2024-01-31,187.04,187.095,184.35,184.4,55467803.0
2024-02-01,183.985,186.95,183.82,186.86,64885408.0
2024-02-02,179.86,187.33,179.25,185.85,102551680.0
2024-02-05,188.15,189.25,185.84,187.68,69668820.0
2024-02-06,186.86,189.31,186.7695,189.3,43490759.0
2024-02-07,190.64,191.05,188.61,189.41,53438955.0
2024-02-08,189.385,189.535,187.35,188.32,40962046.0
2024-02-09,188.65,189.99,188.0,188.85,45155216.0
2024-02-12,188.415,188.67,186.79,187.15,41781934.0
2024-02-13,185.77,186.21,183.5128,185.04,56529529.0
2024-02-14,185.32,185.53,182.44,184.15,54630517.0
2024-02-15,183.55,184.49,181.35,183.86,65434496.0
2024-02-16,183.42,184.85,181.665,182.31,49752465.0
2024-02-20,181.79,182.43,180.0,181.56,53665553.0
2024-02-21,181.94,182.8888,180.66,182.32,41529674.0
2024-02-22,183.48,184.955,182.46,184.37,52292208.0
2024-02-23,185.01,185.04,182.23,182.52,45119677.0
2024-02-26,182.24,182.76,180.65,181.16,40867421.0
2024-02-27,181.1,183.9225,179.56,182.63,54318851.0
2024-02-28,182.51,183.12,180.13,181.42,48953939.0
2024-02-29,181.27,182.57,179.53,180.75,136682597.0
2024-03-01,179.55,180.53,177.38,179.66,73563082.0
2024-03-04,176.15,176.9,173.79,175.1,81510101.0
2024-03-05,170.76,172.04,169.62,170.12,95132355.0
2024-03-06,171.06,171.24,168.68,169.12,68587707.0
2024-03-07,169.15,170.73,168.49,169.0,71765061.0
2024-03-08,169.0,173.7,168.94,170.73,76267041.0
2024-03-11,172.94,174.38,172.05,172.75,60139473.0
2024-03-12,173.15,174.03,171.01,173.23,59825372.0
2024-03-13,172.77,173.185,170.76,171.13,52488692.0
2024-03-14,172.91,174.3078,172.05,173.0,72913507.0
2024-03-15,171.17,172.62,170.285,172.62,121752699.0
2024-03-18,175.57,177.71,173.52,173.72,75604184.0
2024-03-19,174.34,176.605,173.03,176.08,55215244.0
2024-03-20,175.72,178.67,175.09,178.67,53423102.0
2024-03-21,177.05,177.49,170.84,171.37,106181270.0
2024-03-22,171.76,173.05,170.06,172.28,71160138.0
2024-03-25,170.565,171.94,169.45,170.85,54288328.0
2024-03-26,170.0,171.42,169.58,169.71,57388449.0
2024-03-27,170.41,173.6,170.11,173.31,60273265.0
2024-03-28,171.75,172.23,170.51,171.48,65672690.0
2024-04-01,171.19,171.25,169.475,170.03,46240500.0
2024-04-02,169.08,169.34,168.2302,168.84,49329481.0
2024-04-03,168.79,170.68,168.58,169.65,47691715.0
2024-04-04,170.29,171.92,168.82,168.82,53704386.0
2024-04-05,169.59,170.39,168.95,169.58,42104826.0
2024-04-08,169.03,169.2,168.24,168.45,37425513.0
2024-04-09,168.7,170.08,168.35,169.67,42451209.0
2024-04-10,168.8,169.09,167.11,167.78,49709336.0
2024-04-11,168.34,175.46,168.16,175.04,91070275.0
2024-04-12,174.26,178.36,174.21,176.55,101670886.0
2024-04-15,175.36,176.63,172.5,172.69,73531773.0
2024-04-16,171.75,173.76,168.27,169.38,73711235.0
2024-04-17,169.61,170.65,168.0,168.0,50901210.0
2024-04-18,168.03,168.64,166.55,167.04,43122903.0
2024-04-19,166.21,166.4,164.075,164.93,67767819.0
2024-04-22,165.515,167.26,164.77,165.84,48116443.0
2024-04-23,165.35,167.05,164.92,166.9,49537761.0
2024-04-24,166.54,169.3,166.21,169.02,48251835.0
2024-04-25,169.525,170.61,168.1511,169.89,50558329.0
2024-04-26,169.88,171.34,169.18,169.3,44838354.0
2024-04-29,173.37,176.03,173.1,173.5,68169419.0
2024-04-30,173.33,174.99,170.0,170.33,65934776.0
2024-05-01,169.58,172.705,169.11,169.3,50383147.0
2024-05-02,172.51,173.415,170.89,173.03,94214915.0
2024-05-03,186.645,187.0,182.66,183.38,163224109.0
2024-05-06,182.354,184.2,180.42,181.71,78569667.0
2024-05-07,183.45,184.9,181.32,182.4,77305771.0
2024-05-08,182.85,183.07,181.45,182.74,45057087.0
2024-05-09,182.56,184.66,182.11,184.57,48982972.0
2024-05-10,184.9,185.09,182.13,183.05,50759496.0
2024-05-13,185.435,187.1,184.62,186.28,72044809.0
2024-05-14,187.51,188.3,186.29,187.43,52393619.0
2024-05-15,187.91,190.65,187.37,189.72,70399988.0
2024-05-16,190.47,191.095,189.6601,189.865,52789913.0
